Seed,Model,Outlier_Mode,CV_R2_Mean,CV_R2_Std,Test_R2,Test_RMSE,Test_MAE,N_Train,N_Test
0,Ridge,winsorize_1_99,0.7792770717156984,0.07077057548238226,0.5846262748712039,102.1083166670311,57.75295196867978,273,69
0,ExtraTrees,winsorize_1_99,0.8279191658066216,0.11085982037700924,0.7279170484961941,82.64037342498564,40.318804057970816,273,69
0,KNN,none,0.8189771455616908,0.06629852775609134,0.7424961248448003,80.39582393924678,41.362704274373044,273,69
