Model,Outlier_Mode,Seeds,N_Train_Median,Test_R2_Median,Test_R2_Mean,Test_R2_Std,Test_RMSE_Median,Test_MAE_Median,Test_R2_P2_5,Test_R2_P97_5
ExtraTrees,winsorize_1_99,30,218.0,0.8363931087915841,0.7601570907942102,0.24428315270939896,86.69229089997069,35.48679309090899,0.1434516935877516,0.9485023574971355
RandomForest,winsorize_1_99,30,218.0,0.8357110321187753,0.7319244318944421,0.3528024502898921,91.02270556569468,36.946328727272686,-0.17504175110535627,0.9307615411220704
KNN,none,30,218.0,0.8054891547992357,0.7591582966120508,0.15625884795948397,112.83343240652064,41.83898040434891,0.43854142788583184,0.9229514607730215
Ridge,winsorize_1_99,30,218.0,0.7961140699529836,0.7630454221232928,0.1720787720623151,92.17127853299374,49.00425278024211,0.38571352687739485,0.9417771038002951
MLP,winsorize_1_99,30,218.0,0.6973858298446332,0.6379205709928455,0.21856714174751082,146.33285115138654,57.99598523561417,0.12837101944628512,0.9011397985029646
